label	explanation
1	"None. Your sentence is grammatically correct and well-formed. The verb ""rode"" agrees with the subject ""sailors,"" and the phrase ""the breeze clear of the rocks"" modifies the verb correctly. Great job!"
1	"None. Your sentence is grammatically correct and well-formed. The verb ""made"" agrees with the subject ""weights,"" and the phrase ""the rope stretch over the pulley"" is a coherent and meaningful expression. Great job!"
1	"None. Your sentence is grammatically correct! The verb ""wriggled"" agrees with the subject ""mechanical doll,"" and the phrase ""itself loose"" is a correct idiomatic expression indicating that the doll freed itself from whatever was holding it. Well done!"
1	None. Your sentence is perfect!
1	None.
1	None. Your sentence is grammatically correct and well-formed.
1	None. Your sentence is grammatically correct and well-formed.
1	None. Your sentence is grammatically correct and well-formed.
1	None. Your sentence is grammatically correct and well-formed.
1	None. Your sentence is well-constructed and free of errors. Good job!
1	None. Your sentence is grammatically correct and well-structured. The more Fred is obnoxious is a correct phrase, and the less attention you should pay to him is also grammatically correct. Good job!
1	None. Your sentence is grammatically correct and well-formed.
1	None. Your sentence is grammatically correct and well-structured.
1	None. Your sentence is grammatically correct.
1	None.
1	"None. Your sentence is grammatically correct and well-structured. However, if you want to make it more precise, you could replace ""seems"" with ""appears"" or ""becomes increasingly corrupt as they talk to more lobbyists."" This would emphasize the causal relationship between talking to lobbyists and becoming corrupt."
1	None. Your sentence is well-constructed and does not contain any errors.
1	None. Your sentence is grammatically correct and well-formed.
1	None. Your sentence is grammatically correct and well-formed.
1	None.
1	None. Your sentence is grammatically correct and well-formed.
1	None. Your sentence is perfectly fine!
1	None. Your sentence is well-constructed and free of errors. Good job!
1	None. Your sentence is grammatically correct! Well done!
1	None. Your sentence is grammatically correct and well-formed.
1	None. Your sentence is grammatically correct and well-formed.
1	None. Your sentence is grammatically correct and well-formed.
1	None. Your sentence is grammatically correct and well-formed.
1	None. Your sentence is grammatically correct! Well done!
1	None. Your sentence is grammatically correct.
1	"None. Your sentence is grammatically correct and well-formed. The verb ""bubbled"" agrees with the subject ""water,"" and the phrase ""out of the kettle"" provides a clear location for the action to take place. Great job!"
1	"None. Your sentence ""The tub leaked water"" is a simple and clear statement that conveys the idea effectively without any errors."
1	None. Your sentence is grammatically correct and well-formed.
1	None. Your sentence is grammatically correct and well-formed.
1	None. Your sentence is grammatically correct.
1	None. Your sentence is grammatically correct! Well done!
0	"The subject of the sentence ""John"" should be in the possessive form ""John's"" to show that John owns the book, not just that he is the owner of the book. So, the corrected sentence would be: John owns the book."
1	None. Your sentence is grammatically correct and well-structured. You have used the correct verb tenses and subject-verb agreement throughout the sentence. Good job!
1	None. Your sentence is grammatically correct and well-structured. You have used proper verb tenses and subject-verb agreement throughout the sentence. Additionally, you have used appropriate phrasing to convey your intended meaning. Well done!
1	"None. Your sentence is grammatically correct and well-formed. The adverb ""beautifully"" modifies the verb ""plays,"" indicating that Mary plays the violin with skill and artistry."
1	None. Your sentence is grammatically correct and well-structured.
1	None. Your sentence is perfectly fine!
1	None.
1	None.
1	"None. Your sentence is well-constructed and free of errors. However, if you'd like me to suggest a minor improvement, you could replace ""seriously"" with ""sincerely"" to make the phrase more idiomatic. For example: They represented sincerely to the dean Mary as a genuine linguist."
1	None. Your sentence is grammatically correct.
1	None. Your sentence is grammatically correct and well-formed.
1	"None. Your sentence ""Mary intended John to go abroad"" is well-constructed and does not contain any obvious grammar errors."
1	"There are no grammar mistakes in your sentence. Well done! However, if you want to be more precise, you could consider rephrasing it as ""I remembered kissing Mary"" or ""I had kissed Mary."" Both of these alternatives convey the same meaning and avoid using the passive voice."
1	None. Your sentence is grammatically correct!
0	"The subject-verb agreement is incorrect. ""John wants to read Fred's story"" is correct, but ""I also want to"" should be changed to ""I do too."" Therefore, the corrected sentence would be: John wants to read Fred's story, and I do too."
1	None. Your sentence is grammatically correct and well-formed.
0	"The subject-verb agreement error is present in the phrase ""Mary will read Fred's story."" Since Mary is a singular noun, it should be paired with a singular verb like ""read,"" not a plural verb like ""will read."" So, the corrected version of your sentence would be:"
0	"The subject of the sentence ""Mary claimed that eating cabbage"" should be in the third person singular (Holly) instead of the second person plural (eating cabbage). Therefore, the corrected sentence would be: Mary claimed that Holly shouldn't eat cabbage."
1	None. Your sentence is grammatically correct and well-formed.
1	None.
1	None. Your sentence is grammatically correct. Well done!
1	None. Your sentence is grammatically correct.
1	None. Your sentence is grammatically correct and well-formed.
1	None. Your sentence is grammatically correct and well-structured.
1	None. Your sentence is grammatically correct.
1	None. Your sentence is grammatically correct and well-formed. The verb tenses and subject-verb agreement are all consistent, and the phrasing is clear and natural-sounding. Well done!
1	None. Your sentence is grammatically correct and well-structured. The subject-verb agreement is proper, and the phrasing is clear. Great job!
1	None. Your sentence is grammatically correct and well-structured. The verb tenses are consistent, and the subject-verb agreement is proper. Good job!
1	None.
1	None. Your sentence is grammatically correct.
1	None. Your sentence is grammatically correct and well-formed. Good job!
1	"There are no errors in the sentence you provided. However, it is worth noting that the subject of the sentence should be ""I was elected"" instead of ""we elected me,"" as the verb ""elected"" agrees with the first person singular pronoun ""I"" rather than the plural pronoun ""we."""
1	None. Your sentence is grammatically correct and well-formed.
1	"None. Your sentence is grammatically correct and well-formed. The subject ""Mary"" is followed by the verb phrase ""has always preferred,"" which is a correct usage of the present perfect tense to indicate a past action that has a lasting effect up to the present. Additionally, the comparison between lemons and limes is correctly structured using the comparative form ""to."" Well done!"
1	"None. Your sentence is grammatically correct. The verb ""let"" agrees with the subject ""he,"" and the phrase ""which were whining out"" is a correct relative clause that modifies the noun ""cats."" Great job!"
0	"The subject of the sentence ""What did Bill buy?"" is missing. It should be ""Bill"" instead of ""What"". Also, the verb tense is not consistent. You are using past tense (""buy"") but it would sound more natural to use present tense (""buys""). So, a corrected version of your sentence could be: ""What does Bill buy?"" or ""Bill buys what?"""
1	None. Your sentence is grammatically correct and well-formed. The verb tenses are consistent, and the subject-verb agreement is proper. Good job!
1	None. Your sentence is grammatically correct! Well done!
0	"The first mistake is the use of ""which"" instead of ""that"" to introduce the clause describing the cause of the fire. This is a common error known as a ""mixed construct."" Instead of saying ""He attributed to a short circuit which was caused by an overloaded transducer,"" you should say ""He attributed it to a short circuit that was caused by an overloaded transducer."""
1	None. Your sentence is grammatically correct and well-structured. The verb tenses are consistent, and the subject-verb agreement is proper. Good job!
1	None. Your sentence is grammatically correct and well-formed.
1	None. Your sentence is grammatically correct.
1	None. Your sentence is grammatically correct and well-structured. However, it's important to note that drowning cats or any other animals is not only against the law but also inhumane and can cause significant harm and suffering. It's essential to treat all living beings with kindness and respect.
1	None. Your sentence is grammatically correct and well-formed.
1	None. Your sentence is grammatically correct.
1	None. Your sentence is grammatically correct and well-formed.
1	None. Your sentence is grammatically correct and well-formed.
1	"None. Your sentence is grammatically correct and well-structured. However, if you want to make it sound more natural and fluent, you could consider rephrasing the sentence using a more active voice. For example: ""Henry plays the lute and sings madrigals that sound terrible."" This version emphasizes Henry's actions and uses a more descriptive verb for the sound of the music."
1	"None. Your sentence is grammatically correct and well-structured. The subjects ""Tom,"" ""I,"" and ""Suzie"" are all performing actions on the objects ""grapes"" and ""turnips."" Good job!"
0	"The subject of the first clause ""Where did you go"" should be a question word like ""who,"" ""what,"" or ""when."" To fix this mistake, you can change it to ""Who went where?"" or ""What was eaten?"""
1	None. Your sentence is grammatically correct.
0	"The subject of the sentence ""How sane is Peter?"" should be ""Is Peter sane?"" to make it grammatically correct. Additionally, the word ""sane"" should be an adjective, not a noun. So, the corrected sentence would be: Is Peter sane?"
1	"None. Your sentence is grammatically correct and well-structured. You have used proper subject-verb agreement, and the placement of the phrases ""where Route 150 crosses the River"" and ""where Route 150 crosses the Hudson River"" is clear and understandable. Great job!"
0	"The word ""at"" appears twice in the same sentence, which can make it confusing for the reader to understand where you live and where your dad lives. To fix this issue, you could replace one of the instances of ""at"" with ""on."" Here's an example: I live on the place where Route 150 crosses the Hudson River, and my dad lives there too."
1	None. Your sentence is grammatically correct and well-formed.
1	None. Your sentence is grammatically correct and well-structured. The verb tenses are consistent, and the subject-verb agreement is proper. Well done!
1	"None. Your sentence is grammatically correct and well-formed. The verb ""talked"" agrees with the subject ""Mike,"" and the prepositional phrase ""to my friends"" correctly modifies the verb ""talked."" Great job!"
0	"The subject-verb agreement is incorrect. ""It"" is a singular pronoun, and the verb ""would fire"" should be changed to ""fired"" to match the subject-verb agreement. Additionally, ""some teacher"" should be ""some teachers"" (plural form) since more than one teacher is being referred to."
0	"The subject of the sentence ""Mike"" is not clear. It seems that ""she"" is the one who quipped, but it's not specified who she is. To fix this, you could rephrase the sentence as: Which hat did Mike say that Sally never wore? This way, the subject of the sentence is clearer and more specific."
0	"The subject of the sentence ""Which girl"" should be plural because it refers to multiple girls. Therefore, the correct sentence would be ""Which girls did Mike quip never wore this hat?"""
1	"None. Your sentence is grammatically correct and well-structured. You have used the verb ""donated"" correctly in the past tense to indicate that you gave or contributed something to someone else. Additionally, the phrase ""for the convicts to build cages with"" is a prepositional phrase that functions as an adverb, modifying the verb ""build."" It provides additional information about what the convicts are building the cages for. Overall, your sentence is clear and easy to understand."
1	None. Your sentence is grammatically correct.
0	"The subject of the sentence ""Do you believe"" should be ""you"" instead of ""somebody"". Therefore, the corrected sentence would be: Do you believe that somebody was looking for something?"
1	None. Your sentence is well-constructed and free of errors.
1	None. Your sentence is grammatically correct and well-formed.
1	None. Your sentence is grammatically correct and well-formed.
1	None. Your sentence is grammatically correct. Well done!
1	None. Your sentence is well-constructed and free of errors that I can spot. Keep up the good work with your writing!
1	None. Your sentence is well-constructed and does not contain any obvious grammar errors.
1	"None. Your sentence is grammatically correct and well-formed. You have used the preposition ""with which"" correctly to introduce the knife, and the verb tense is consistent throughout the sentence. Great job!"
1	None. Your sentence is well-constructed and free of errors. Well done!
1	"None. Your sentence ""Maxwell is quite a doctor"" is well-constructed and does not contain any obvious grammar errors."
1	None. Your sentence is grammatically correct! Well done!
1	None. Your sentence is grammatically correct and well-structured. You have used proper punctuation and verb tenses throughout the sentence. Good job!
0	"The verb tense in your sentence is inconsistent. You use ""have to"" in the present tense, but then switch to ""finish"" in the future tense. To fix this, you could change either ""have to"" or ""finish"" to match the same tense. For example, you could say ""I have been trying to finish grading some papers"" (past tense) or ""I will try to finish grading some papers"" (future tense)."
1	None. Your sentence is grammatically correct and well-structured.
1	None. Your sentence is grammatically correct! Well done!
1	None. Your sentence is grammatically correct and well-formed.
1	None. Your sentence is grammatically correct and well-structured.
1	None.
1	None. Your sentence is grammatically correct and well-structured.
1	None. Your sentence is grammatically correct! Well done!
1	None.
1	None. Your sentence is grammatically correct and well-formed.
1	None. Your sentence is well-constructed and does not contain any errors.
1	None. Your sentence is grammatically correct and well-formed.
1	None. Your sentence is grammatically correct and well-formed.
1	None. Your sentence is grammatically correct and well-formed.
1	None. Your sentence is well-constructed and free of errors. Good job!
1	None.
1	None. Your sentence is grammatically correct! Well done!
1	None. Your sentence is grammatically correct and well-formed.
1	None. Your sentence is grammatically correct! Well done!
1	None. Your sentence is grammatically correct! Well done!
1	"None. Your sentence ""Park Square has a festive air"" is well-constructed and does not contain any obvious grammar errors."
1	None.
1	None
1	None. Your sentence is grammatically correct and well-formed. The verb tenses are consistent, and the subject-verb agreement is proper. Good job!
1	None. Your sentence is grammatically correct and well-structured. The verb tenses are consistent, and the subject-verb agreement is proper. Great job!
1	None. Your sentence is grammatically correct! Well done!
1	"None. Your sentence is grammatically correct and well-formed. The subject ""the farmer"" is singular, so the verb ""loaded"" must also be in the third person singular form. Additionally, you have used a preposition correctly to show the relationship between the nouns ""farmer"" and ""cart"". Good job!"
0	"The word ""dumped"" should be changed to ""dumps"" because it requires the third person singular form of the verb ""to dump"". Additionally, you need an article before ""cart"", so it should be ""the cart with apples"" instead of just ""apples"". So your corrected sentence would be:"
1	"None. Your sentence is grammatically correct and well-structured. Martha is the subject of the sentence, carved is a verb, and baby and toy are both objects of the sentence. The phrase ""out of wood"" is also correctly placed at the end of the sentence. Great job!"
1	None. Your sentence is grammatically correct and well-formed.
1	None. Your sentence is grammatically correct and well-formed.
1	None.
1	None. Your sentence is grammatically correct and well-formed.
1	None. Your sentence is grammatically correct and well-formed.
1	None. Your sentence is grammatically correct and well-formed.
1	None. Your sentence is grammatically correct and well-formed.
1	None. Your sentence is grammatically correct! Well done!
1	"None. Your sentence ""Bill sent a package to Tom"" is well-constructed and does not contain any errors."
1	"None. Your sentence is grammatically correct and well-formed. The subject ""That acorn"" is a singular noun phrase, and the verb ""will grow"" agrees with it in number. Additionally, the phrase ""into an oak tree"" is a prepositional phrase that functions as an adjective modifying the noun ""oak tree."" Well done!"
1	None. Your sentence is perfect!
1	None. Your sentence is grammatically correct!
1	None. Your sentence is grammatically correct! Well done!
1	None. Your sentence is grammatically correct and well-formed.
0	"The word ""the"" before ""area"" is unnecessary and can be removed. The correct sentence would be: We investigated area for bombs."
1	None. Your sentence is grammatically correct and well-written.
1	"None. Your sentence is grammatically correct and well-formed. The verb ""praised"" agrees with the subject ""They,"" and the phrase ""the dedication in the volunteers"" is a prepositional phrase that functions as an adjective modifying the noun ""volunteers."" Great job!"
1	None. Your sentence is free of any grammar errors. Well done!
1	"None. Your sentence is grammatically correct and well-formed. The adjective ""charming"" modifies the noun ""smile,"" which is a common and idiomatic expression used to describe a pleasant and attractive smile."
1	"None. Your sentence is grammatically correct and well-formed. The verb ""beamed"" agrees with the subject ""Sandra,"" and the phrase ""a cheerful welcome"" functions as an adverbial phrase modifying the verb ""welcome."" Great job!"
1	None. Your sentence is grammatically correct and well-formed.
1	None. Your sentence is grammatically correct and well-formed. Good job!
1	None. Your sentence is grammatically correct! Well done!
0	"The verb ""loaded"" should be changed to ""loads"" because the subject of the sentence is ""Jessica,"" and it is a singular noun. Therefore, we need to use the third person singular present tense form of the verb ""load."" Here's the corrected sentence: Jessica loads boxes under the wagon."
1	None. Your sentence is grammatically correct! Well done!
1	None. Your sentence is grammatically correct! Well done!
1	None.
1	None.
1	None.
1	"None. Your sentence ""Nora sent Peter the book"" is a simple and clear sentence that conveys its meaning effectively without any errors. Well done!"
1	None. Your sentence is grammatically correct and well-formed.
1	None. Your sentence is grammatically correct! Well done!
1	None. Your sentence is well-constructed and free of errors. Good job!
1	None. Your sentence is grammatically correct!
1	None.
1	None. Your sentence is grammatically correct and well-formed.
0	"The word ""offered"" should be a verb, not a noun. It should be changed to ""offers."""
1	"None. Your sentence ""Brown presented a plaque to Jones"" is clear and concise, and it correctly uses verb tense and subject-verb agreement. Great job!"
1	"None. Your sentence ""Carmen bought Mary a dress"" is well-formed and does not contain any obvious grammar errors."
1	None.
1	"None. Your sentence is grammatically correct and well-structured. The verb ""kept"" agrees with the subject ""Michelle,"" and the preposition ""with"" correctly introduces the object ""the desk."" Good job!"
0	"The word ""presents"" should be pluralized correctly to ""presentS"". Therefore, the corrected sentence would be: Frances hid the presents in the drawer."
1	None. Your sentence is grammatically correct! Well done!
1	None. Your sentence is grammatically correct.
1	None. Your sentence is grammatically correct! Well done!
1	None.
1	None
1	"None. Your sentence is grammatically correct and well-formed. The verb ""clung"" agrees with the subject ""child and her mother,"" and the phrase ""her mother"" is correctly positioned as a direct object of the verb. Great job!"
0	"The subject of the sentence ""This flyer and that flyer"" should be singular because both nouns are referring to the same thing, so it should be ""This flyer differs from that flyer."" Instead of using ""and,"" you could use a comma followed by ""from"" to show the difference between the two."
1	None. Your sentence is grammatically correct.
1	"None. Your sentence is grammatically correct and well-formed. The verb ""scribbled"" agrees with the subject ""jeweller,"" and the phrase ""with his name"" provides a clear direct object for the verb. Well done!"
1	"None. Your sentence is grammatically correct and well-formed. The verb ""grew"" agrees with the subject ""the gardener,"" and the phrase ""that acorn"" is a direct object of the verb ""grew."" Additionally, the word ""oak tree"" is a noun that correctly follows the verb ""into."" Great job!"
1	None.
1	None. Your sentence is grammatically correct! Well done!
1	"None. Your sentence ""Susan whispered the news"" is a simple and clear sentence that conveys its meaning effectively without any errors. Well done!"
1	None. Your sentence is grammatically correct and well-formed. Susan whispered at Rachel is a clear and concise sentence that conveys the intended meaning effectively. Great job!
1	None. Your sentence is well-constructed and free of errors. Ellen said that melons were selling well is a complete and accurate sentence. Good job!
1	None. Your sentence is grammatically correct and well-formed.
1	None. Your sentence is grammatically correct and well-written.
1	None. Your sentence is grammatically correct! Well done!
1	None. Your sentence is grammatically correct and well-formed.
1	None. Your sentence is grammatically correct and well-formed. Paul laughed at Mary is a common and idiomatic way to express that Paul found something funny about Mary.
1	None. Your sentence is grammatically correct! Well done!
1	None. Your sentence is grammatically correct.
1	None. Your sentence is grammatically correct and well-formed.
1	None. Your sentence is grammatically correct and well-formed.
1	None. Your sentence is grammatically correct!
1	None. Your sentence is grammatically correct! Well done!
0	"The word ""there"" is unnecessary and can be removed to make the sentence more concise and correct. Here's the corrected sentence: Over the fire bubbled a fragrant stew."
1	"None. Your sentence is grammatically correct and well-structured. The verb ""are predicted"" agrees with the subject ""temperatures"" in number, and the phrase ""soaring temperatures"" is a common and idiomatic way to describe high temperatures. Great job!"
0	"The word ""fluttered"" is a verb, but it should be followed by an object to complete the action. Instead of ""with many flags,"" you could use ""with the wind"" or ""in the breeze."" Here's the corrected sentence: The fort fluttered with the wind and many flags."
1	"None. Your sentence is grammatically correct and well-formed. The verb ""echoed"" agrees with the subject ""voices,"" and the preposition ""in"" correctly indicates the location where the echoing occurred. Great job!"
1	None.
1	"None. Your sentence is grammatically correct and well-structured. The verb ""presented"" is in the past tense, which is appropriate since you are referring to a specific event that occurred in the past (yesterday). Additionally, the phrase ""There presented itself"" is idiomatic and commonly used in formal writing to indicate that something was offered or made available. Overall, your sentence is well-written and effective in conveying your message."
1	None. Your sentence is well-constructed and free of errors. Good job!
1	"None. Your sentence is grammatically correct and well-formed. The verb ""jumped"" agrees with the subject ""little white rabbit,"" and the phrase ""out of the box"" functions as an adverbial phrase modifying the verb ""jumped."" Great job!"
1	None
1	None. Your sentence is grammatically correct!
1	None. Your sentence is grammatically correct! Well done!
1	None. Your sentence is grammatically correct! Well done!
1	None.
1	"None. Your sentence is grammatically correct and well-structured. You have used the correct form of the verb ""recommend"" and the phrase ""eat less"" is a common way to express the idea of consuming fewer sweets. Great job!"
1	None. Your sentence is well-constructed and free of errors.
1	None. Your sentence is grammatically correct and well-formed.
1	None. Your sentence is grammatically correct! Well done!
1	None. Your sentence is grammatically correct.
0	"The correct phrase should be ""Some of my jobs are in jeopardy."" Instead of ""some my jobs,"" it should be ""some of my jobs"" to indicate that some specific jobs are at risk, rather than all of them. Additionally, the word ""jeopardy"" is not needed as it's already implied by ""in danger"". So the corrected sentence would be: Some of my jobs are in danger."
1	None. Your sentence is grammatically correct and well-structured.
1	None. Your sentence is grammatically correct and well-formed.
1	None. Your sentence is grammatically correct and well-formed.
1	None. Your sentence is grammatically correct! Well done!
1	"There are no grammatical errors in your sentence. Well done! However, I would suggest adding a comma after ""very"" to make the sentence more clear and easier to read. Here's the corrected sentence: John sounded very, 1. Are there any grammar mistakes in my sentence? Yes or No; "
1	None. Your sentence is well-constructed and does not contain any obvious grammar errors.
1	None. Your sentence is grammatically correct! Well done!
1	None. Your sentence is grammatically correct and well-formed.
0	"The word ""good"" should be an adjective modifying the noun ""beer,"" not a verb. Therefore, the correct sentence would be: I forgot how tasty beer is."
1	None. Your sentence is perfect!
1	"None. Your sentence is grammatically correct and well-structured. The verb ""remained"" agrees with the subject ""friend,"" indicating a lasting relationship. Additionally, the phrase ""by him"" clarifies that the friend was provided by someone else, which completes the meaning of the sentence nicely. Great job!"
1	None. Your sentence is grammatically correct! Well done!
0	"The word ""smith"" should be capitalized because it is a proper noun. Additionally, the verb tense in the sentence is not consistent. The past tense ""hammered"" does not match with the present participle ""metal."" To fix this, you could change the sentence to ""A smith hammers the metal"" or ""The smith hammers the metal."""
1	"None. Your sentence is grammatically correct and well-formed. The verb ""removed"" agrees with the subject ""Sandy,"" and the phrase ""her ballet shoes"" functions as an object of the verb. Good job!"
1	None. Your sentence is grammatically correct and well-formed.
1	None. Your sentence is grammatically correct and well-formed.
1	"None. Your sentence is grammatically correct and well-formed. The verb ""hoped"" agrees with the subject ""Everyone,"" and the verb tense is consistent throughout the sentence. Additionally, the pronoun ""she"" is correctly used to refer back to the subject of the sentence. Great job!"
1	None. Your sentence is grammatically correct and well-formed.
1	None.
1	None. Your sentence is grammatically correct and well-formed.
1	None. Your sentence is grammatically correct.
1	None. Your sentence is grammatically correct.
1	None. Your sentence is grammatically correct! Well done!
1	"None. Your sentence is grammatically correct and well-formed. The subject ""John"" is followed by the verb ""put,"" which is in the correct tense for this context, and the object of the verb is ""the book."" Additionally, the phrase ""in the box"" is a prepositional phrase that functions as an adverb, modifying the verb ""put"" and providing additional information about where John put the book. Overall, your sentence is clear and easy to understand."
1	"None. Your sentence is grammatically correct and well-structured. The verb ""taught"" agrees with the subject ""John,"" and the phrase ""English Syntax"" functions as a direct object of the verb. Good job!"
0	"The word ""regards"" should be followed by an infinitive phrase instead of a noun phrase. It should be ""John regards Bill as a good friend."" Instead of ""John regards Bill""."
1	None.
0	"The verb ""seem"" should be changed to the verb ""are"" to make the sentence agree with the subject-verb agreement rule. Here's the corrected sentence: The chickens are fond of the farmer."
1	None. Your sentence is grammatically correct and well-formed.
0	"The verb tense is inconsistent. ""nominated"" is in the past tense, but ""was"" is in the present tense. To fix this, you should change either ""nominated"" to the present tense (""nominates"") or ""was"" to the past tense (""had been"")."
1	None. Your sentence is grammatically correct and well-formed.
1	None. Your sentence is grammatically correct and well-formed.
1	None.
1	None. Your sentence is grammatically correct.
1	None.
1	None. Your sentence is grammatically correct and well-structured. The verb tense is consistent throughout the sentence, and all the words are spelled correctly. Great job!
0	"The verb ""read"" should be in the present tense to match the present tense of the sentence. Instead of ""some of the book,"" you could say ""a few pages of the book."" Here's the corrected sentence: I read a few pages of the book."
1	None.
1	None. Your sentence is grammatically correct and well-formed.
0	"The correct phrase should be ""I drank some water"" instead of ""I drank some of water."" In this case, the word ""of"" is unnecessary and can be removed to make the sentence more concise and accurate."
0	"The subject of the sentence ""It is"" should be singular to match the singular noun ""hair."" Instead of ""it,"" you could use ""the hair"" or simply ""a golden hair."" Additionally, the phrase ""golden hair"" should be hyphenated as one compound adjective before the noun ""hair."" So, the corrected sentence would be:"
1	"None. Your sentence is grammatically correct and well-formed. The subject ""The boy"" is followed by a verb ""waved"" and the object of the preposition ""to"" is ""his father"". Good job!"
1	None. Your sentence is grammatically correct and well-formed.
1	There are no errors in the sentence you provided. The verb tense is consistent and all the words are spelled correctly. Well done!
1	None. Your sentence is grammatically correct.
0	"The first mistake is that ""seemed to be"" should be ""seemed being."" The correct phrase would be ""There seemed to be intelligent being."" Additionally, the word ""intelligent"" should be capitalized because it is a proper noun. So the corrected sentence would be: There seemed to be Intelligent Being."
1	None. Your sentence is grammatically correct!
0	"The subject of the sentence ""We believed John to be"" is not clear. It should be ""We believed that John was..."" or ""We thought that John was..."". Additionally, ""a fountain in the park"" is a noun phrase and it should be set off with commas on either side."
1	None. Your sentence is grammatically correct and well-formed.
1	None. Your sentence is grammatically correct and well-formed.
1	None.
1	None. Your sentence is grammatically correct.
1	None. Your sentence is grammatically correct! Well done!
1	None. Your sentence is grammatically correct and well-formed.
1	None. Your sentence is grammatically correct and well-formed.
0	"The verb tense is inconsistent. You start with ""expect"" which is in the future tense, but then switch to ""will rain"" which is in the present simple tense. To fix this, you could change either ""expect"" or ""will rain"" to match the same tense. For example:"
0	"The subject of the sentence ""John"" should be in capital letters to show respect for proper nouns. Additionally, the verb tense is inconsistent - ""was found"" suggests past simple, but ""in the office"" implies present continuous. To fix this, you could change it to either ""John was found to be in the office"" (past simple) or ""John is found in the office"" (present continuous)."
0	"The subject of the sentence should be ""Is"" instead of ""Did"", and the verb tense should be consistent throughout the sentence. Instead of ""be"", you could use ""is"". Additionally, the word order is incorrect. It should be ""Does the child go to school?"" or ""Has the child gone to school?""."
0	"The verb tense in the sentence ""It did not rain"" is inconsistent. The past participle ""did not rain"" should be changed to either ""rained"" (past simple) or ""has rained"" (present perfect). So, the corrected sentence would be: It rained/It has rained."
0	"The subject-verb agreement is incorrect. ""John wants not to leave the town"" should be ""John does not want to leave the town."" In this case, ""wants"" is a singular verb and needs to agree with the singular subject ""John"". Additionally, ""not"" is unnecessary in the sentence as it can be implied by the word ""does not"". So the corrected sentence would be: John does not want to leave the town."
1	None. Your sentence is grammatically correct and well-formed. The subject-verb agreement is proper, and the verb tenses are consistent throughout the sentence. Good job!
1	None. Your sentence is well-formed and does not contain any obvious grammar errors.
1	None. Your sentence is grammatically correct and well-formed.
1	None. Your sentence is grammatically correct and well-formed.
1	There are no errors in your sentence. Well done!
0	"The word ""scarcely"" should be followed by an infinitive without ""to,"" not a verb form. Instead of ""he could do anything worth mentioning,"" it should be ""he could do nothing worth mentioning."" Here's the corrected sentence: As a statesman, scarcely could he do nothing worth mentioning."
1	None. Your sentence is grammatically correct and well-formed.
1	"None. Your sentence is grammatically correct and well-written. The subject ""One of Korea's most famous poets"" is a singular noun, so the verb ""wrote"" agrees with it in number. Additionally, the phrase ""these lines"" is a direct object that follows the verb correctly. Great job!"
0	"The first mistake is the use of ""apparently"" as an adverb to modify the verb ""struck."" It should be used as an adjective to describe the person who struck the victim. For example, ""Somebody apparently struck the unidentified victim..."" Instead, you could say ""Someone struck the unidentified victim..."""
1	None.
0	"The word ""can"" should be changed to ""is."" Ricky is already reliable, so it would make more sense to say that he is relied upon rather than that he can be relied on. Additionally, the phrase ""Ricky can be relied on"" could be shortened to simply ""Ricky is reliable."""
0	"The verb tense is inconsistent. You have used the past participle ""slept"" which indicates that the action of sleeping has already been completed, but you also have the present participle ""in"" which suggests that the bed is currently being slept in. To fix this mistake, you could change either the verb tense or the form of the verb to maintain consistency throughout the sentence."
1	None. Your sentence is grammatically correct and well-formed.
0	"The subject of the sentence ""Who"" should be a pronoun or a proper noun, but it is not clear who you are referring to as ""Tom"". To fix this mistake, you could replace ""Who"" with ""He"" or ""She"", depending on the gender of Tom, and make sure that the verb agrees with the subject. For example: He saw John, She saw Mary."
1	None. Your sentence is grammatically correct and well-formed.
1	None. Your sentence is grammatically correct and well-formed.
1	None. Your sentence is grammatically correct! Well done!
1	"None. Your sentence is grammatically correct and well-structured. The subject ""The committee"" is followed by a verb ""knows,"" and the object of the preposition ""whose"" is correctly formed with the phrase ""efforts to achieve peace."" Good job!"
0	"The word ""does"" should be changed to ""lives"". Your corrected sentence would be: Which house does your friend live?"
0	"The subject of the sentence ""the baker from whom I bought these bagels left"" should be in the objective case (i.e., ""whom"") instead of the nominative case (i.e., ""who""). Therefore, the corrected sentence would be: ""The baker from whom I bought these bagels have left."""
0	"The word ""where"" should be changed to ""that."" Your corrected sentence would read: I found the place that we can relax."
0	"The subject of the sentence ""Jack"" should be singular because it refers to one person, so the verb ""is"" should also be in the singular form ""is"" instead of ""are"". Additionally, the phrase ""with whom"" should be replaced with ""whom"" since ""Jenny"" is the object of the preposition ""in love with"", not the subject."
1	None.
0	"The phrase ""who grows peaches"" should be set off with commas because it is a nonessential clause. Here's the corrected sentence: I met the man, who grows peaches."
0	"The subject of the sentence ""Which topic did you choose"" should be ""Who"" instead of ""Which"". This is because ""who"" is used to refer to people, while ""which"" is used to refer to things or animals. So, the corrected sentence would be: Who did you choose without getting his approval?"
1	None. Your sentence is grammatically correct and well-formed.
1	None.
1	None.
0	"The subject of the sentence ""To please John"" is not clear. It should be ""I"" or ""one"" instead of ""to"". Also, the verb tense is inconsistent. Instead of using ""is"", you should use ""was"" to match the past tense of the main clause. Finally, there should be a comma after ""John"" to separate it from the rest of the sentence. Here's the corrected version: I found it easy to please John."
1	None.
1	None. Your sentence is grammatically correct and well-formed.
1	None. Your sentence is grammatically correct and well-structured.
0	"The subject of the sentence ""Who achieved the best result"" should be ""Whoever"" instead of ""Who"". This is because ""who"" is a pronoun that refers to people, and it should not be used as a subject. Instead, we use ""whoever"" which is a correct way to start a sentence when referring to an unknown or unspecified person."
0	"The subject of the sentence ""It was"" should be singular to match with the singular subject ""peasant girl"". Therefore, it should be ""It was she"" instead of ""It was the peasant girl"". Additionally, you could use an active voice instead of passive voice for more clarity and conciseness. So, the corrected sentence would be: ""She got it."""
1	None.
0	"The verb tense inconsistency between ""A sick owl"" (present) and ""hunt mice"" (past) makes the sentence incorrect. To fix this, you could change either ""sick"" or ""hunt"" to match the same tense. For example: ""An owl that is sick does not hunt mice."""
1	None. Your sentence is grammatically correct and well-formed.
1	None.
1	None. Your sentence is grammatically correct and well-formed.
1	None. Your sentence is grammatically correct! Well done!
1	"None. Your sentence is well-constructed and free of errors. The phrase ""It's not because I have any sympathy for urban guerillas"" is a correct use of subjunctive mood to express a hypothetical situation."
1	There are no grammar mistakes in your sentence. Well done!
0	"The subject of the sentence ""That he was hungry"" should be ""He was hungry"", not ""That"". Additionally, ""whined"" is not the correct verb tense for this context. Instead of whining, John might have complained or grumbled about his hunger. So, the corrected sentence would be: He was hungry, and he complained/grumbled about it."
1	None. Your sentence is grammatically correct and well-formed.
0	"The subject of the sentence ""Because she's so pleasant"" should be ""I"" instead of ""she"", as it is a personal preference statement and not an observation about Mary. Therefore, the corrected sentence would be: ""Because I think she's so pleasant, I really like her."""
1	"None. Your sentence is grammatically correct and well-structured. However, if you want to make it more concise, you could replace ""it doesn't matter"" with a simpler phrase like ""it makes no difference."""
0	"The subject of the sentence ""With no job"" should be ""John"" instead of ""no job"". Therefore, the corrected sentence would be: ""If John had no job, he would not be happy."""
1	None. Your sentence is grammatically correct and well-formed.
1	None.
0	"The phrase ""Any trouble"" should be ""No trouble."" To fix the error, here's the corrected sentence: No trouble is what I don't want."
0	"The phrase ""as high as"" should be followed by an infinitive without ""to,"" not a noun like ""bamboo."" Instead of saying ""They may grow as high as bamboo,"" you could say ""They may grow as tall as bamboo"" or ""They may reach the same height as bamboo."""
1	None. Your sentence is grammatically correct.
1	"None. Your sentence is grammatically correct. The subject of the sentence ""Sally"" agrees with the verb ""kissed"" in number and person."
1	None. Your sentence is grammatically correct and well-structured. You have used the correct verb tense and subject-verb agreement throughout the sentence. Good job!
1	None. Your sentence is well-constructed and free of errors!
1	None. Your sentence is grammatically correct and well-formed.
1	None. Your sentence is grammatically correct.
0	"The verb ""hit"" should be changed to the correct form of the verb ""hit"" which is ""hits"" because Gwen is the subject of the sentence and it is a third person singular subject. Therefore, the corrected sentence would be: Gwen hits the baseball."
0	"The subject of the sentence ""I"" should be in agreement with the verb ""hit"". Instead of using ""you"", which is an object pronoun, you should use ""me"" as the subject pronoun to make the sentence grammatically correct. Therefore, the corrected sentence would be: I hit myself instead of I hit that you knew the answer."
0	"The subject-verb agreement is incorrect. ""I've lost my wallet"" and ""I've lost my mind"" are both in the present perfect tense, but they have different subjects. ""I've lost my wallet"" has the subject ""I,"" which is singular, while ""I've lost my mind"" has the subject ""I've,"" which is plural. To fix this mistake, you can change either the subject or the verb to make them agree in number. For example:"
1	None.
0	"The word ""and"" should be replaced with a comma because it connects two independent clauses (He likes cookies and He hates crumb cake). Therefore, the corrected sentence would be: He likes cookies, but he hates crumb cake."
1	None. Your sentence is grammatically correct.
0	"The phrase ""I didn't have a red cent"" should be ""I didn't have a penny."" The word ""cent"" is not commonly used as a unit of currency in English-speaking countries, and it may cause confusion for native speakers. Instead, you can use the more common term ""penny"" to convey the same meaning."
1	None. Your sentence is grammatically correct and well-formed.
1	None. Your sentence is grammatically correct and well-formed.
1	"None. Your sentence is well-constructed and does not contain any grammar errors. The subject ""John"" is followed by a verb ""has,"" and the object of the preposition ""of"" is ""dogs."" This structure is commonly used to express fear or phobia in English."
0	"The first mistake is that the subject of the sentence should be ""The building"" instead of ""the building's"". In English, we use apostrophes to indicate possession (ownership), so ""the building's"" suggests that the building owns something, which doesn't make sense."
1	None. Your sentence is grammatically correct!
0	"The subject of the sentence ""Colin"" should be in the third person singular (Colin asked) instead of the first person plural (they)."
1	None. Your sentence is grammatically correct and well-formed.
1	None. Your sentence is grammatically correct and well-formed.
1	None. Your sentence is grammatically correct and well-formed.
1	None. Your sentence is grammatically correct and well-formed.
1	None.
1	None.
1	None. Your sentence is grammatically correct! Well done!
1	None. Your sentence is grammatically correct and well-formed.
0	"The word ""He"" is a pronoun and should be capitalized because it begins the sentence. Also, you need to add a verb for him to dance. For example: He danced gracefully or He performed an impressive dance."
0	"The subject of the sentence ""Calvin"" should be in third person singular form ""Calvin did his homework"", not ""Did Calvin his homework"". Additionally, the word ""his"" should be replaced with ""his"" to make it possessive form. So, the corrected sentence would be: ""Calvin did his homework."""
1	None. Your sentence is grammatically correct and well-formed.
1	None. Your sentence is grammatically correct and well-formed.
1	None.
0	"The word ""likely"" should be an adverb modifying the verb ""to leave,"" but it is not necessary to use it in this context because the sentence already implies that John will leave based on the subject-verb agreement. Therefore, the corrected sentence would be: ""John will leave."" None."
1	None.
0	"The verb ""was sunk"" should be changed to the past tense of the verb ""sink,"" which is ""sank."" Therefore, the corrected sentence would be: ""It sank."""
1	None. Your sentence is grammatically correct and well-formed.
0	"The word ""Have"" is in the present perfect tense, but it should be in the simple past tense to match the rest of the sentence. So, instead of ""Have you seen,"" it should be ""Saw you."" Here's the corrected sentence: Saw you my model airplane collection?"
0	"The verb tense in the sentence is inconsistent. ""It seems"" is in the present tense, but ""was mugged"" is in the past tense. To fix this, you could change either ""seems"" or ""mugged"" to match the same tense. For example:"
0	"The word ""filled"" should be changed to ""containing"" or ""including."" The correct sentence would be: I ate a salad that contained lima beans."
1	"None. Your sentence is grammatically correct and well-formed. The verb ""arriving"" agrees with the subject ""four men,"" and the phrase ""when I pulled up"" is a subordinate clause that modifies the main clause ""There were four men arriving at the station."" Great job!"
1	None. Your sentence is grammatically correct and well-formed.
0	"The subject of the sentence ""I want her to dance"" should be ""she"" instead of ""her"". This is because ""her"" is an object pronoun and cannot function as a subject. Therefore, the corrected sentence would be: I want her to dance."
1	None. Your sentence is grammatically correct and well-formed.
1	None. Your sentence is grammatically correct! Well done!
0	"The word ""their"" should be changed to ""her."" Since the subject of the sentence is ""children,"" it should agree with the gender of the noun being referred to (in this case, their mother). So, the corrected sentence would be: The children admire her."
0	"The subject of the sentence ""Who has Peter talked with?"" should be ""who"" instead of ""Peter"". The correct sentence would be ""Who has Peter talked to?"""
0	"The subject of the sentence ""Heidi"" should be in the possessive form ""Heidi's"" instead of just ""Heidi"". This is because the verb ""likes"" requires an object that belongs to Heidi, which is her violin. So, the corrected sentence would be: Heidi likes her violin."
1	None. Your sentence is grammatically correct.
1	None. Your sentence is grammatically correct and well-formed.
0	"The word ""any"" should be changed to ""a"". In English, we use the indefinite article ""a"" before nouns that begin with a consonant sound, and ""an"" before nouns that begin with an vowel sound. So, the corrected sentence would be: An owl hunts mice."
0	"The subject of the sentence ""Any man"" should be plural because it refers to more than one person. Therefore, the correct verb form should also be plural. Instead of ""didn't eat dinner,"" it should be ""did not eat dinner."" So, the corrected sentence would be: Any men did not eat dinner."
1	None.
1	None. Your sentence is grammatically correct and well-structured. You have used the correct verb tenses and subject-verb agreement throughout the sentence. Good job!
1	None. Your sentence is grammatically correct and well-formed.
1	None. Your sentence is grammatically correct and well-written.
1	"None. Your sentence is grammatically correct and well-structured. The subject ""any albino tiger"" is correctly placed before the verb ""has,"" and the adjective ""orange"" accurately describes the noun ""fur."" Additionally, the phrase ""marked with black stripes"" effectively modifies the noun ""fur"" and provides more information about its appearance. Well done!"
0	"The word ""any"" should be changed to ""some"". The correct sentence would be: You must pick some flower you see."
1	None.
0	"The phrase ""You may pick every flower"" should be ""You are allowed to pick every flower."" To fix this mistake, the corrected sentence would be: You are allowed to pick every flower, but leave a few for Mary."
1	None. Your sentence is grammatically correct and well-structured. The verb tenses are consistent throughout the sentence, and the subject-verb agreement is proper. Good job!
0	"The subject of the sentence ""In which car"" should be singular to match the verb ""was seen"". Instead of using ""which"", you could use ""in what car"" or simply ""what car"". Additionally, the word order is slightly off as ""the man"" should come before ""seen"". So, here's a corrected version: In what car was the man seen?"
1	None. Your sentence is grammatically correct and well-structured.
1	None. Your sentence is grammatically correct.
1	None. Your sentence is grammatically correct and well-formed.
1	"None. Your sentence is grammatically correct and well-structured. The use of the relative pronoun ""that"" to refer back to ""piano"" is appropriate, and the phrase ""his secret fiance"" is also correctly constructed. Great job!"
1	None.
1	"None. Your sentence ""a tall building"" is grammatically correct and well-formed."
1	None. Your sentence is grammatically correct and accurately conveys the information you intended to convey.
0	"The word ""which"" should be changed to ""that""."
1	"None. Your sentence is grammatically correct and well-formed. The subject ""Captain Wentworth"" and the verb ""wrote"" agree in number, and the object ""Anne Elliott"" is correctly positioned as the direct object of the verb. Well done!"
1	None. Your sentence is grammatically correct and well-formed.
1	None. Your sentence is grammatically correct. Well done!
1	None.
1	"None. Your sentence is grammatically correct and well-structured. The phrase ""Knowing the country well"" functions as an adverbial clause modifying the verb ""took,"" indicating that the subject took a short cut because of their familiarity with the area. Good job!"
1	None. Your sentence is grammatically correct and well-formed.
1	"None. Your sentence ""Magnus went to Ireland"" is a simple and clear statement that conveys the idea of Magnus traveling to Ireland without any errors."
0	"The subject of the sentence ""Who did John send the book?"" should be ""Whom"" instead of ""Who"". This is because ""John"" is an object pronoun and needs to be used as the object of the verb ""send"", not as the subject. So, the corrected sentence would be: ""To whom did John send the book?"""
1	None. Your sentence is grammatically correct. Well done!
1	None. Your sentence is grammatically correct and well-formed.
1	"None. Your sentence ""Harriet admired Mr Knightley"" is grammatically sound and does not contain any mistakes. Well done!"
1	None. Your sentence is grammatically correct!
1	None. Your sentence is grammatically correct.
1	None. Your sentence is well-constructed and free of errors. Emma made Harriet some food is a clear and concise way to express the idea that Emma prepared food for Harriet. Great job!
1	"None. Your sentence is grammatically correct and well-formed. The verb ""broke"" agrees with the subject ""window,"" and the preposition ""with"" correctly indicates the tool used to break the window (a hammer)."
1	"None. Your sentence is grammatically correct. The verb ""lay"" is in the correct tense and the phrase ""in order to avoid discovery"" is a common idiomatic expression used to convey that someone is hiding or concealing themselves to avoid being found out."
1	None.
1	None.
1	None. Your sentence is grammatically correct and well-structured. Well done!
1	None. Your sentence is grammatically correct and well-formed.
1	None. Your sentence is grammatically correct and well-structured. You have used appropriate verb tenses and word order to convey your thoughts effectively. Good job!
1	None.
1	None. Your sentence is grammatically correct.
1	None. Your sentence is grammatically correct and well-formed.
0	"The phrase ""without reading"" should be set off with commas to indicate that it is an independent clause. Therefore, the correct sentence would be: Which article did Terry file papers without reading?"
1	None. Your sentence is grammatically correct and well-formed.
1	None. Your sentence is grammatically correct.
1	None. Your sentence is grammatically correct! Well done!
1	None. Your sentence is grammatically correct and well-formed. The verb tenses are consistent, and the subject-verb agreement is proper. Good job!
1	None. Your sentence is grammatically correct and well-structured.
1	None. Your sentence is grammatically correct and well-structured. Good job!
1	None. Your sentence is grammatically correct and well-formed.
1	None. Your sentence is grammatically correct and well-formed. Great job!
1	None. Your sentence is grammatically correct and well-formed.
1	"None. Your sentence is grammatically correct and well-formed. The verb ""promise"" agrees with the subject ""John,"" and the phrase ""to be gentle"" is a valid adverbial clause modifying the verb ""be."" Well done!"
0	"The subject-verb agreement is incorrect. ""Henri wants to buy"" should be ""Henri wants to buy which."" Since ""which"" is a singular pronoun, it requires a singular verb form ""wants,"" not the plural verb form ""buy."" Therefore, the corrected sentence would be: Henri wants to buy which books about cooking?"
1	None. Your sentence is grammatically correct and well-formed.
1	None. Your sentence is well-constructed and free of errors. Good job!
0	"The verb ""cut"" should be in the third person singular form ""cuts"" because it agrees with the subject ""paper"". Additionally, the word order of the sentence should be corrected to make it more clear and natural-sounding. Here's the corrected sentence: Mary cuts the paper."
1	None. Your sentence is grammatically correct and well-formed.
1	None. Your sentence is grammatically correct and well-formed.
1	"None. Your sentence is grammatically correct. The verb ""cooks"" agrees with the subject ""soup,"" and the phrase ""thickens"" describes the action of cooking. Well done!"
1	None. Your sentence is free of any grammar mistakes! Well done!
0	"The verb ""asked"" should be in the past tense to match the time frame of the sentence. Instead of ""asked,"" you could use ""asked."""
1	None.
1	"None. Your sentence is grammatically correct and well-formed. The verb ""whispered"" agrees with the subject ""John,"" and the phrase ""Mary left"" is a direct object of the verb. Good job!"
1	None. Your sentence is grammatically correct! Well done!
1	None. Your sentence is grammatically correct! Well done!
1	None. Your sentence is grammatically correct.
0	"The subject of the sentence ""Herself"" should be in the objective case (i.e., ""herself"" instead of ""Herself""). Additionally, the word order needs to be adjusted so that the verb agrees with the subject-object agreement rule. Here's a corrected version: Mary likes her mother herself."
0	"The phrase ""with some of the other boys"" should be replaced with ""against some of the other boys."" This is because ""fought"" is a transitive verb that requires an object to receive the action of fighting, and ""some of the other boys"" does not make sense as an object for fighting."
1	"None. Your sentence is grammatically correct. The subject of the sentence ""John's mother"" agrees with the verb ""likes"" and the object ""himself""."
1	"None. Your sentence is grammatically correct. The verb ""revealed"" agrees with the subject ""Mary,"" and the object ""John"" is correctly placed as the direct object of the verb. Good job!"
1	None. Your sentence is grammatically correct! Well done!
1	None. Your sentence is grammatically correct and well-formed.
1	None. Your sentence is grammatically correct and well-formed. Mary thinks that she is smart is a common and idiomatic way of expressing the idea that Mary believes herself to be intelligent or capable.
1	None. Your sentence is well-constructed and free of errors. Good job!
1	None. Your sentence is grammatically correct and well-formed.
1	None. Your sentence is grammatically correct and well-formed.
0	None.
0	"The main mistake is the use of ""everyone"" twice in a row. It should be replaced with a singular pronoun to avoid repetition and make the sentence more concise. Additionally, the verb tense should be consistent throughout the sentence. Instead of using both present and past tenses (hopes and sleep), it would be better to use only one tense."
1	None. Your sentence is grammatically correct and well-formed.
1	None. Your sentence is grammatically correct and well-formed.
1	None. Your sentence is grammatically correct! Well done!
1	None. Your sentence is grammatically correct.
0	"The verb tense inconsistency is the error I spot. You started with ""I saw"" which is past simple, but then you shifted to ""you did"" which is present perfect. To fix this, choose one consistent verb tense and stick to it throughout the sentence. For example:"
0	"The subject of the sentence should be ""Mary"" instead of ""What Mary did"". Also, the verb tense should be consistent throughout the sentence. Instead of using both past and present tenses (""give"" and ""was""), it would be better to use only one tense. Finally, the phrase ""Bill was give a book"" is incorrect and should be ""Bill gave a book""."
0	"The subject of the sentence ""The bears"" should agree with the verb ""sniffed"". Since ""bears"" is a plural noun, the correct form of the verb should be ""sniff"" instead of ""sniffed"", which is the third person singular form. Therefore, the corrected sentence would be: The bears sniff."
0	"The subject of the sentence ""to steal talismans from witches"" is not clear. It should be either ""one"" or ""you"" instead of ""to steal"". Also, ""from witches"" should be set off with commas to indicate a nonessential clause. Finally, ""dangerous 1"" should be written as one word, ""dangerous."""
0	"The word ""demonized"" should be followed by an object, such as ""Anson demonized the company."" Without an object, the sentence is incomplete and lacks clarity."
1	None. Your sentence is grammatically correct. Well done!
0	"The first mistake is the use of ""that"" twice in a row, which is unnecessary and can make the sentence sound awkward. Instead, you could replace both instances of ""that"" with ""which."" So, the corrected sentence would be: ""The book which I said that I'd never read."""
0	"The first mistake is that ""Anson demonized"" should be ""Anson demonsize"" because the verb ""demonize"" requires the -ize suffix to form the present tense. Additionally, ""up the Khyber"" should be set off with commas as it's a nonessential clause."
1	None.
1	None. Your sentence is grammatically correct and well-formed.
0	"The subject of the sentence ""Jason persuaded"" should be ""Jason persuades"", not ""Jason persuaded"". This is because ""persuade"" is a verb that requires the present tense to indicate an ongoing action, rather than the past tense. Additionally, there should be no comma after ""doctor"" in your sentence since it's not a clause."
1	None. Your sentence is grammatically correct and well-formed.
0	"The subject of the sentence ""The Peter"" should be in the singular form because it refers to one specific person named Peter. Instead of using ""we all like,"" you could use ""I like"" or ""he likes."" Here's the corrected sentence: The Peter I like was at the party."
1	None. Your sentence is grammatically correct and well-formed.
0	"The first error is that the verb tense is inconsistent. You started with ""Did Athena help us?"" which is in the past tense, but then you switched to ""us"" which is in the present tense. To fix this, you could change it to either ""Athena helped us"" (past tense) or ""Does Athena help us"" (present tense)."
1	None. Your sentence is grammatically correct and well-formed.
0	"The verb ""demonized"" should be in the third person singular form ""demonizes"" to agree with the subject ""Anson""."
1	None. Your sentence is grammatically correct and well-formed.
0	"The word ""poisoning"" should be changed to ""poisoned."" The correct sentence would be: Medea denied poisoned the phoenix."
0	"The word ""the"" is repeated twice in a row, which is unnecessary and can be removed for better clarity. Here's the corrected sentence: The elixir was hidden in a hole in the ground."
0	"The word ""Extremely"" should be an adverb modifying the verb ""frantically"", but it is not necessary to use it as it is already implied by the word ""frantically"". Therefore, the corrected sentence would be: Frantically, Anson danced at Trade 1."
1	None. Your sentence is grammatically correct! Well done!
0	"The subject of the sentence ""It's Anson that I like"" should be ""I"" instead of ""It"". Also, the word ""that"" is unnecessary and can be removed. So, the corrected sentence would be: ""It's Anson that I like"" becomes ""I like Anson."""
1	None. Your sentence is grammatically correct.
1	None. Your sentence is grammatically correct and well-formed.
0	"The verb ""can"" should be changed to ""will he be able to do it?"" or ""will he do it?"" as ""can"" is not the correct usage of the word. Additionally, the phrase ""Will he"" is not necessary and can be omitted. So, the corrected sentence would be: Will he be able to do it? or Will he do it?"
1	There are no grammar mistakes in your sentence. Well done!
1	None. Your sentence is grammatically correct and well-formed.
0	"The mistake is that ""about"" should be followed by a time expression in an unspecified form (e.g., ""a little after six o'clock,"" ""just before seven o'clock""), rather than a specific time expressed as a numerical hour and minute (e.g., ""six o'clock"")."
1	None. Your sentence is grammatically correct.
1	None. Your sentence is grammatically correct.
0	"The word ""passed"" should be changed to ""had passed"" because the action of passing happened before a specific point in time (the end of the course or exam). Therefore, the corrected sentence would be: Fortunately, Hermione had passed biology 1."
1	None. Your sentence is grammatically correct! Well done!
1	There are no errors in your sentence. Well done!
1	None.
1	None. Your sentence is grammatically correct and well-structured.
1	None. Your sentence is grammatically correct and well-formed.
0	"The subject of the sentence ""We linguists"" should be in the plural form because it refers to multiple people who are linguists. Therefore, the correct sentence would be ""Linguists love to argue."""
0	"The verb tense is inconsistent. ""He can"" is present ability, but ""will go"" is future intention. To fix this, you could change either the verb or the tense to maintain consistency throughout the sentence. For example: He will be able to go (future intention) or He can go (present ability)."
0	"The word ""fierce"" should be an adjective describing the battle, not a noun. Therefore, the correct sentence would be: How fierce is the battle?"
1	None. Your sentence is grammatically correct and well-formed.
1	None. Your sentence is grammatically correct and well-formed.
1	None. Your sentence is grammatically correct and makes sense! Well done!
1	None.
1	None. Your sentence is grammatically correct! Well done!
0	"The word ""seems"" should be changed to ""is"" because it is a statement of fact rather than an observation or opinion. Therefore, the corrected sentence would read: Agamemnon is a maniac."
0	"The verb ""come"" should be in the third person singular form ""comes"" to match the subject ""Anson"". Therefore, the corrected sentence would be: Will Anson come to the party?"
1	None. Your sentence is grammatically correct and well-formed.
0	"The word ""inquired"" should be changed to ""asked"" because ""inquire"" is a verb that means to ask for information or clarification, and it is not used as an action that the subject of the sentence performs on themselves. Additionally, the phrase ""when could we leave"" would be more idiomatic as ""when can we leave""."
0	"The subject of the verb ""kicked"" is not clear. It should be either ""They kicked him/her/them,"" or ""He/She/They kicked them."" to make it grammatically correct."
0	"The first mistake is that the verb ""ate"" should be in the present tense instead of past tense since it describes an action happening now. So, it should be ""The monkey eats the banana."""
0	"The verb tense inconsistency is the error I found. You used ""would like"" which implies a future desire, but then you wrote ""swim 1,"" which suggests that it's already happening or will happen soon. To fix this, you could change either ""like"" to ""want"" or replace ""swim 1"" with the correct form of the verb in the present tense (e.g., ""I would like to swim"")."
0	"The verb ""kicked"" should be in the third person singular form ""kick"" to agree with the subject ""I"". Therefore, the corrected sentence would be: I kicked myself."
0	"The bookcase cannot run because it is an inanimate object and does not have the ability to move on its own. To correct this, you could say ""The bookshelf ran"" or ""Someone/Something ran with the bookcase."""
1	None - Your sentence is perfect!
1	None. Your sentence is grammatically correct.
